business_id,review_count,stars,noOfPhotos,positive,negative,neutral
Dtuf4vD0znzwJW9vk3iTNw,246,4.0,1,179,5,71
UJE-f8gVEB2za5QPZd_wVw,16,2.0,1,2,1,13
5R6YO6K9PkthkTbXqV9slQ,86,4.0,4,59,2,28
k9A4tAmei12tLprkrNPkcg,54,3.5,5,22,8,29
UwAqOh7QDJz9m9scQxH9iA,6,4.5,4,4,0,2
F-vfI049swuwDR7HMOW1Fg,198,3.5,2,105,7,92
AjzEFdI4hheVodEJZLLJzA,26,3.0,2,9,4,13
5xokROlB8Zo5T-_qbHzsrQ,459,4.0,27,332,6,138
dVKHPRNhgpclJ-E2CoZiXA,13,5.0,2,9,1,3
DfkO7MHuy2wxgeUZ2-o3BA,8,3.0,3,3,0,5
NFFS6Qow43IRG6dRPgZCzQ,237,4.0,2,181,2,68
u4P6hqDz6-QG9PR2Pj5KIw,82,5.0,3,75,0,8
HCifhMUT0WjkhRp8MK3fqg,5,2.0,2,1,1,3
uTq9qVkOuxjBPjqC7K0XYA,147,4.0,6,116,2,35
BBS8dH9I7MBnskmlyPZLLA,14,3.0,1,5,1,8
rIoYB0oURnPmou5bppJX6w,124,3.5,9,73,8,53
ZfzZvQSTLcqpQI6vov5uWw,16,2.0,2,5,1,15
2IHXMnPAtyojytikDK7_-Q,46,3.5,1,26,3,19
of-GVqY0G_UDHXT9Xg_ADQ,1039,4.0,20,791,8,271
WBddJ9h_3-El2weqkPtddQ,42,3.5,1,25,2,15
sbp-DjxxPbWmCHuQvwzbNA,49,5.0,1,46,0,3
9--QS5ChKDYf4POHKujoiw,336,3.5,5,183,15,145
6dluZtkjgkZksLeBAs50rQ,13,4.0,1,8,0,5
qOrzaDT6Q92tVnBziWw8NA,326,4.5,28,230,3,104
tGNuMvHoHcPShruQIYKQnQ,33,3.5,4,13,0,22
ytIh9UMN8mhMgICpd9aHcA,46,4.5,1,38,0,9
5ibTRUwZ0dAxRmsqOTqeMQ,37,4.0,2,27,1,10
nzdgxHXQqehdjfv-SeWUxQ,26,2.5,1,9,4,13
VpbMN6xoquk7-_JmHbYkEA,156,2.0,4,33,19,105
28RE5-9vhE6cPxldHVM_ug,92,3.5,3,54,1,38
Lq1fNQQBMwG4NWRS3UcrFw,31,3.0,1,13,6,12
SapvBx9qgQU46KPRvsqa_w,54,3.0,1,20,5,31
XG-TaijaXQGFpuTZmnt2LA,27,4.0,2,16,0,12
iqvP4fAl6i6yQqiMcibPoQ,53,4.0,5,35,2,17
wgoe4T_BDoV9lljhKo9gUw,19,3.5,2,7,2,11
N18rU96Qr_XQtSqfQynZMg,293,4.0,23,234,6,82
lNaQlnNvevK91XDHd-G9-Q,34,4.0,4,22,0,12
_-BFOIdAdk-1ejLSPmaTsQ,62,4.0,3,38,0,25
yPxNNSmPHKO3m_kq53D4Jg,846,4.5,22,616,4,247
ymloenmo3kHAFvI5-96fjg,12,3.0,3,8,0,5
b-s17YvgblgXffR30QIxjg,6,3.5,1,3,0,3
QM6fJdPJBXvDKgywMlDWBw,138,3.0,6,79,10,63
iBlfS6K-IHvftKFr-8YiNQ,26,3.0,1,11,3,12
lU3elCfnhoOAhkR6FewPSA,511,3.5,11,308,27,201
UK007MpAU5B6P4o7_dVsTA,257,4.0,6,186,7,79
-kz82pLe268Cw59S6fD1BQ,64,4.0,3,41,1,23
nVVyZOyB3u605pdUtG5NTA,78,4.0,6,57,1,22
uJbyksU01Ik0FGJ2e274Ng,37,4.5,3,24,0,13
QdcTrQlwRi9Q3hcmpLi8Vw,155,4.5,4,116,3,40
-h2ofCKKVch8fyinQxTsGQ,51,4.0,1,35,1,17
s9__MGvr-D6mj9HT8xRVtQ,76,4.5,1,56,1,23
AQnHRUKqYb8ovUTmLKyJAg,288,3.5,12,159,10,126
71UVaCN8AtyovlqoS0Hixg,201,3.0,8,101,14,99
Ex0CWFaMJiZaZkECIEoeqQ,172,4.0,4,130,4,55
6jr6xW05PcKutwr5lbVVAg,240,4.0,16,190,4,57
f8WKIeT7HMAOedo54Nrd7Q,225,4.0,12,157,6,70
oJ0fQBhVFeWcNjOQv2b6KQ,116,4.0,3,72,2,47
3IkKR7kZE-yCkOyPshobiQ,11,5.0,1,8,0,3
GrygiBHRzHlYHJKxDqkJUA,8,3.0,1,3,0,5
oxFjIzQu4YXUs-ExL5n5dA,37,1.5,4,5,5,28
KOfgkk4O91DV320HhonBEw,133,3.5,12,75,4,63
c4cnGwvSWdOi27p7eOCwlA,16,2.5,4,4,0,12
XnGszjoeygLcZp60FUEUXQ,100,3.5,3,51,5,47
WNqqyUtEmrqCBEHNV9sj5Q,390,4.0,10,273,7,132
hiP3H0wW45I0jZI7KafzZg,128,4.0,18,81,1,49
3UBG2rwjgP-6ifTAuKl3Gg,138,4.0,1,99,2,41
orbXZK6M1NoCb2r5wqwXhw,59,2.0,2,15,11,34
NHdE_ObFj7OjQBB3jjqBNQ,666,4.0,43,542,6,131
Cc2WkBGuXwTD5axRxcWHRw,33,3.5,4,18,2,13
o8U2DbjKpXrvZdl4i-l4YQ,35,1.5,3,4,6,25
qdUx7wxwnT80MkaqGCTfSQ,344,3.5,2,206,8,134
rdNO_v6CLPItazpu6zCIBA,13,1.5,2,2,1,11
9VP61EFCI7kXo5CU72Gmfg,25,3.5,1,18,2,9
eVUP_iOwvsLk6daEmyhESA,185,4.0,7,155,0,37
auugkEfD7ZF3xkliCZIv4g,304,4.0,5,216,5,93
Pdq64df8bTI648RCtHmJ0Q,94,4.5,7,86,1,13
-HMqisHgmwr4k8zwT3tp5Q,87,4.0,1,55,2,31
92KvPIcfrxpf_0gGUpnC6g,30,4.0,3,16,0,16
Sky9tSH9lslJLDS8MTZ6OQ,11,4.5,17,9,0,3
6EizP0XyqITuGZ8GZMI9Lw,1084,4.5,23,944,8,152
70LeRRA5Chr8AL-5ZIo-yg,20,4.5,1,16,0,4
vZG0BDPGDJxMGiXcGoVU6w,182,4.0,2,89,10,88
l2AIWFZ3ILuS4ovhdp_eeA,97,3.5,2,49,3,47
PXCNGIxi_kQ5_V77j3FrNQ,72,4.5,3,54,0,20
zJnRztekQRb6nGe-3Q4mQA,28,1.5,5,3,3,24
1MoiTfuItt3dZkaQfJkpYw,149,4.0,3,116,0,35
yeZfgAw4LvWnri7ecPkiYA,324,4.0,6,229,6,105
vADvPGRUDVpVdeprVoidHQ,42,2.0,9,10,11,21
hgPKpBdUOx2hVyGrzY70yQ,114,4.5,8,82,2,34
3m2SS1OSwVNhPXeNf6erSA,60,2.0,5,14,5,42
PSZk5-89VksB6Z5p5v0dvw,18,3.0,2,10,3,5
xvTa375IhWkFSiujUI2adg,16,4.0,5,8,0,9
Cmw00BFD1l-_DJHPuKi2Rw,520,4.0,32,402,7,135
oC43ya3FFAG256bEXyXm2g,44,3.0,7,17,3,27
r8xPU4YrXlidnfQjje2HqA,20,3.5,2,13,1,7
AFtvhV2SaqJIoxmFroDKVw,157,3.0,3,85,11,63
HgxY_RnJFGqqSVO32nxS4A,147,4.0,3,75,4,72
uAQ3ZzmkW9EVkONQfXhpbQ,10,4.5,2,9,0,1
AXoq_ze4DyyPDjJk-Ba9Pw,128,3.5,3,77,5,49
Xr08bwIBEsaQr83aJKQbNg,35,2.5,1,9,7,20
